-- phpMyAdmin SQL Dump
-- version 5.2.1
-- https://www.phpmyadmin.net/
--
-- Host: 127.0.0.1:3306
-- Waktu pembuatan: 09 Okt 2023 pada 14.05
-- Versi server: 10.6.14-MariaDB-cll-lve
-- Versi PHP: 7.2.34

SET SQL_MODE = "NO_AUTO_VALUE_ON_ZERO";
START TRANSACTION;
SET time_zone = "+00:00";


/*!40101 SET @OLD_CHARACTER_SET_CLIENT=@@CHARACTER_SET_CLIENT */;
/*!40101 SET @OLD_CHARACTER_SET_RESULTS=@@CHARACTER_SET_RESULTS */;
/*!40101 SET @OLD_COLLATION_CONNECTION=@@COLLATION_CONNECTION */;
/*!40101 SET NAMES utf8mb4 */;

--
-- Database: `u655189685_simrsmu`
--

-- --------------------------------------------------------

--
-- Struktur dari tabel `model_has_permissions`
--

CREATE TABLE `model_has_permissions` (
  `permission_id` int(10) UNSIGNED NOT NULL,
  `model_type` varchar(191) NOT NULL,
  `model_id` bigint(20) UNSIGNED NOT NULL
) ENGINE=InnoDB DEFAULT CHARSET=utf8mb4 COLLATE=utf8mb4_unicode_ci;

-- --------------------------------------------------------

--
-- Struktur dari tabel `model_has_roles`
--

CREATE TABLE `model_has_roles` (
  `role_id` int(10) UNSIGNED NOT NULL,
  `model_type` varchar(191) NOT NULL,
  `model_id` bigint(20) UNSIGNED NOT NULL
) ENGINE=InnoDB DEFAULT CHARSET=utf8mb4 COLLATE=utf8mb4_unicode_ci;

--
-- Dumping data untuk tabel `model_has_roles`
--

INSERT INTO `model_has_roles` (`role_id`, `model_type`, `model_id`) VALUES
(1, 'App\\User', 1),
(2, 'App\\User', 82),
(2, 'App\\User', 83),
(2, 'App\\User', 84),
(2, 'App\\User', 85),
(2, 'App\\User', 86),
(2, 'App\\User', 87),
(2, 'App\\User', 88),
(2, 'App\\User', 234),
(2, 'App\\User', 235),
(2, 'App\\User', 236),
(3, 'App\\User', 2),
(3, 'App\\User', 233),
(3, 'App\\User', 234),
(3, 'App\\User', 243),
(3, 'App\\User', 256),
(3, 'App\\User', 292),
(3, 'App\\User', 293),
(3, 'App\\User', 294),
(3, 'App\\User', 330),
(4, 'App\\User', 7),
(4, 'App\\User', 16),
(4, 'App\\User', 79),
(4, 'App\\User', 103),
(4, 'App\\User', 214),
(4, 'App\\User', 215),
(4, 'App\\User', 216),
(4, 'App\\User', 222),
(4, 'App\\User', 227),
(4, 'App\\User', 237),
(4, 'App\\User', 278),
(4, 'App\\User', 317),
(4, 'App\\User', 338),
(4, 'App\\User', 355),
(4, 'App\\User', 357),
(5, 'App\\User', 8),
(5, 'App\\User', 14),
(5, 'App\\User', 21),
(5, 'App\\User', 45),
(5, 'App\\User', 46),
(5, 'App\\User', 49),
(5, 'App\\User', 54),
(5, 'App\\User', 55),
(5, 'App\\User', 211),
(5, 'App\\User', 213),
(5, 'App\\User', 256),
(5, 'App\\User', 348),
(6, 'App\\User', 4),
(6, 'App\\User', 256),
(7, 'App\\User', 65),
(7, 'App\\User', 66),
(7, 'App\\User', 67),
(7, 'App\\User', 68),
(7, 'App\\User', 69),
(7, 'App\\User', 70),
(7, 'App\\User', 71),
(7, 'App\\User', 72),
(7, 'App\\User', 73),
(7, 'App\\User', 74),
(7, 'App\\User', 75),
(7, 'App\\User', 76),
(7, 'App\\User', 77),
(7, 'App\\User', 223),
(7, 'App\\User', 229),
(8, 'App\\User', 2),
(8, 'App\\User', 47),
(8, 'App\\User', 256),
(9, 'App\\User', 10),
(9, 'App\\User', 11),
(9, 'App\\User', 13),
(9, 'App\\User', 18),
(9, 'App\\User', 25),
(9, 'App\\User', 27),
(9, 'App\\User', 29),
(9, 'App\\User', 39),
(9, 'App\\User', 201),
(9, 'App\\User', 202),
(9, 'App\\User', 218),
(9, 'App\\User', 226),
(9, 'App\\User', 228),
(9, 'App\\User', 263),
(9, 'App\\User', 264),
(9, 'App\\User', 269),
(9, 'App\\User', 271),
(9, 'App\\User', 274),
(9, 'App\\User', 276),
(9, 'App\\User', 280),
(9, 'App\\User', 335),
(9, 'App\\User', 336),
(9, 'App\\User', 353),
(9, 'App\\User', 356),
(9, 'App\\User', 360),
(10, 'App\\User', 12),
(10, 'App\\User', 15),
(10, 'App\\User', 31),
(10, 'App\\User', 32),
(10, 'App\\User', 33),
(10, 'App\\User', 35),
(10, 'App\\User', 44),
(10, 'App\\User', 51),
(10, 'App\\User', 53),
(10, 'App\\User', 203),
(10, 'App\\User', 219),
(10, 'App\\User', 220),
(10, 'App\\User', 221),
(10, 'App\\User', 224),
(10, 'App\\User', 225),
(10, 'App\\User', 261),
(10, 'App\\User', 262),
(10, 'App\\User', 265),
(10, 'App\\User', 267),
(10, 'App\\User', 268),
(10, 'App\\User', 275),
(10, 'App\\User', 281),
(10, 'App\\User', 282),
(10, 'App\\User', 283),
(10, 'App\\User', 284),
(10, 'App\\User', 286),
(10, 'App\\User', 321),
(10, 'App\\User', 322),
(10, 'App\\User', 337),
(10, 'App\\User', 340),
(10, 'App\\User', 349),
(10, 'App\\User', 354),
(10, 'App\\User', 358),
(10, 'App\\User', 359),
(10, 'App\\User', 361),
(11, 'App\\User', 17),
(11, 'App\\User', 22),
(11, 'App\\User', 30),
(11, 'App\\User', 36),
(11, 'App\\User', 37),
(11, 'App\\User', 38),
(11, 'App\\User', 56),
(11, 'App\\User', 57),
(11, 'App\\User', 212),
(11, 'App\\User', 277),
(12, 'App\\User', 5),
(12, 'App\\User', 9),
(12, 'App\\User', 26),
(12, 'App\\User', 28),
(12, 'App\\User', 42),
(12, 'App\\User', 43),
(12, 'App\\User', 52),
(12, 'App\\User', 58),
(12, 'App\\User', 59),
(12, 'App\\User', 60),
(12, 'App\\User', 61),
(12, 'App\\User', 62),
(12, 'App\\User', 63),
(12, 'App\\User', 64),
(12, 'App\\User', 339),
(14, 'App\\User', 84),
(15, 'App\\User', 135),
(15, 'App\\User', 136),
(15, 'App\\User', 137),
(15, 'App\\User', 138),
(15, 'App\\User', 139),
(15, 'App\\User', 140),
(15, 'App\\User', 141),
(15, 'App\\User', 142),
(15, 'App\\User', 143),
(15, 'App\\User', 144),
(15, 'App\\User', 199),
(15, 'App\\User', 200),
(15, 'App\\User', 295),
(15, 'App\\User', 352),
(17, 'App\\User', 164),
(17, 'App\\User', 165),
(17, 'App\\User', 167),
(17, 'App\\User', 168),
(17, 'App\\User', 169),
(17, 'App\\User', 170),
(17, 'App\\User', 171),
(17, 'App\\User', 172),
(17, 'App\\User', 173),
(17, 'App\\User', 174),
(17, 'App\\User', 175),
(17, 'App\\User', 205),
(17, 'App\\User', 206),
(17, 'App\\User', 248),
(17, 'App\\User', 258),
(17, 'App\\User', 313),
(17, 'App\\User', 314),
(17, 'App\\User', 315),
(17, 'App\\User', 316),
(18, 'App\\User', 156),
(18, 'App\\User', 157),
(18, 'App\\User', 158),
(18, 'App\\User', 159),
(18, 'App\\User', 245),
(18, 'App\\User', 351),
(19, 'App\\User', 195),
(19, 'App\\User', 196),
(19, 'App\\User', 197),
(19, 'App\\User', 198),
(19, 'App\\User', 272),
(20, 'App\\User', 149),
(20, 'App\\User', 150),
(20, 'App\\User', 151),
(20, 'App\\User', 152),
(20, 'App\\User', 153),
(20, 'App\\User', 154),
(20, 'App\\User', 155),
(20, 'App\\User', 247),
(20, 'App\\User', 318),
(20, 'App\\User', 350),
(23, 'App\\User', 96),
(23, 'App\\User', 97),
(23, 'App\\User', 98),
(24, 'App\\User', 101),
(25, 'App\\User', 47),
(25, 'App\\User', 99),
(25, 'App\\User', 100),
(25, 'App\\User', 101),
(25, 'App\\User', 241),
(25, 'App\\User', 246),
(25, 'App\\User', 256),
(25, 'App\\User', 257),
(25, 'App\\User', 273),
(25, 'App\\User', 302),
(25, 'App\\User', 303),
(26, 'App\\User', 184),
(26, 'App\\User', 185),
(26, 'App\\User', 186),
(26, 'App\\User', 187),
(26, 'App\\User', 188),
(26, 'App\\User', 189),
(28, 'App\\User', 100),
(28, 'App\\User', 257),
(30, 'App\\User', 93),
(31, 'App\\User', 95),
(34, 'App\\User', 190),
(34, 'App\\User', 191),
(34, 'App\\User', 192),
(34, 'App\\User', 193),
(34, 'App\\User', 194),
(34, 'App\\User', 300),
(34, 'App\\User', 301),
(35, 'App\\User', 23),
(36, 'App\\User', 362),
(37, 'App\\User', 102),
(38, 'App\\User', 105),
(38, 'App\\User', 266),
(39, 'App\\User', 160),
(39, 'App\\User', 161),
(39, 'App\\User', 162),
(39, 'App\\User', 163),
(39, 'App\\User', 210),
(39, 'App\\User', 319),
(39, 'App\\User', 320),
(39, 'App\\User', 327),
(39, 'App\\User', 343),
(39, 'App\\User', 344),
(40, 'App\\User', 123),
(40, 'App\\User', 124),
(40, 'App\\User', 125),
(40, 'App\\User', 126),
(40, 'App\\User', 127),
(40, 'App\\User', 128),
(40, 'App\\User', 129),
(40, 'App\\User', 130),
(40, 'App\\User', 131),
(40, 'App\\User', 132),
(40, 'App\\User', 133),
(40, 'App\\User', 134),
(40, 'App\\User', 207),
(40, 'App\\User', 208),
(40, 'App\\User', 209),
(40, 'App\\User', 296),
(40, 'App\\User', 297),
(40, 'App\\User', 298),
(40, 'App\\User', 299),
(41, 'App\\User', 91),
(41, 'App\\User', 92),
(41, 'App\\User', 93),
(41, 'App\\User', 94),
(41, 'App\\User', 95),
(41, 'App\\User', 231),
(41, 'App\\User', 331),
(42, 'App\\User', 108),
(42, 'App\\User', 109),
(42, 'App\\User', 110),
(42, 'App\\User', 111),
(42, 'App\\User', 112),
(42, 'App\\User', 113),
(42, 'App\\User', 114),
(42, 'App\\User', 115),
(42, 'App\\User', 116),
(42, 'App\\User', 117),
(42, 'App\\User', 118),
(42, 'App\\User', 119),
(42, 'App\\User', 120),
(42, 'App\\User', 121),
(42, 'App\\User', 122),
(42, 'App\\User', 306),
(42, 'App\\User', 307),
(42, 'App\\User', 308),
(42, 'App\\User', 332),
(42, 'App\\User', 345),
(42, 'App\\User', 346),
(42, 'App\\User', 347),
(43, 'App\\User', 106),
(43, 'App\\User', 166),
(44, 'App\\User', 176),
(44, 'App\\User', 177),
(44, 'App\\User', 178),
(44, 'App\\User', 179),
(44, 'App\\User', 180),
(44, 'App\\User', 181),
(44, 'App\\User', 182),
(44, 'App\\User', 183),
(44, 'App\\User', 204),
(44, 'App\\User', 304),
(44, 'App\\User', 309),
(44, 'App\\User', 310),
(44, 'App\\User', 311),
(44, 'App\\User', 312),
(44, 'App\\User', 342),
(46, 'App\\User', 145),
(46, 'App\\User', 146),
(46, 'App\\User', 147),
(46, 'App\\User', 148),
(46, 'App\\User', 285),
(46, 'App\\User', 305),
(46, 'App\\User', 326),
(46, 'App\\User', 328),
(46, 'App\\User', 329),
(50, 'App\\User', 230),
(50, 'App\\User', 254),
(50, 'App\\User', 334),
(51, 'App\\User', 104),
(51, 'App\\User', 244),
(51, 'App\\User', 287),
(52, 'App\\User', 78),
(52, 'App\\User', 107),
(52, 'App\\User', 238),
(52, 'App\\User', 239),
(53, 'App\\User', 249),
(53, 'App\\User', 250),
(53, 'App\\User', 251),
(53, 'App\\User', 252),
(53, 'App\\User', 253),
(53, 'App\\User', 254),
(53, 'App\\User', 255),
(53, 'App\\User', 323),
(53, 'App\\User', 334),
(54, 'App\\User', 230),
(54, 'App\\User', 242),
(54, 'App\\User', 254),
(54, 'App\\User', 256),
(54, 'App\\User', 257),
(55, 'App\\User', 88),
(56, 'App\\User', 87),
(57, 'App\\User', 260),
(58, 'App\\User', 83),
(59, 'App\\User', 2),
(59, 'App\\User', 47),
(60, 'App\\User', 234),
(60, 'App\\User', 292),
(60, 'App\\User', 293),
(60, 'App\\User', 294),
(61, 'App\\User', 235),
(62, 'App\\User', 362),
(63, 'App\\User', 255),
(64, 'App\\User', 252),
(64, 'App\\User', 291),
(66, 'App\\User', 36),
(67, 'App\\User', 250),
(68, 'App\\User', 251),
(69, 'App\\User', 249),
(69, 'App\\User', 323),
(70, 'App\\User', 249),
(70, 'App\\User', 254),
(70, 'App\\User', 334),
(71, 'App\\User', 236),
(72, 'App\\User', 104),
(73, 'App\\User', 246),
(74, 'App\\User', 91),
(75, 'App\\User', 85),
(76, 'App\\User', 256),
(77, 'App\\User', 257),
(78, 'App\\User', 242),
(78, 'App\\User', 324),
(79, 'App\\User', 230),
(80, 'App\\User', 40),
(80, 'App\\User', 41),
(81, 'App\\User', 259),
(81, 'App\\User', 341),
(82, 'App\\User', 90),
(82, 'App\\User', 94),
(82, 'App\\User', 123),
(82, 'App\\User', 128),
(82, 'App\\User', 250),
(82, 'App\\User', 253),
(82, 'App\\User', 325),
(83, 'App\\User', 255),
(84, 'App\\User', 149),
(85, 'App\\User', 124),
(86, 'App\\User', 162),
(87, 'App\\User', 145),
(88, 'App\\User', 108),
(89, 'App\\User', 135),
(90, 'App\\User', 191),
(91, 'App\\User', 245),
(92, 'App\\User', 86),
(93, 'App\\User', 196),
(94, 'App\\User', 164),
(95, 'App\\User', 176),
(95, 'App\\User', 180),
(96, 'App\\User', 45),
(97, 'App\\User', 212),
(98, 'App\\User', 61),
(99, 'App\\User', 7),
(100, 'App\\User', 50),
(101, 'App\\User', 24),
(102, 'App\\User', 65),
(103, 'App\\User', 184),
(105, 'App\\User', 288),
(105, 'App\\User', 289),
(105, 'App\\User', 290),
(106, 'App\\User', 232),
(107, 'App\\User', 6),
(107, 'App\\User', 34),
(107, 'App\\User', 240),
(108, 'App\\User', 82),
(108, 'App\\User', 270),
(108, 'App\\User', 292),
(108, 'App\\User', 293),
(108, 'App\\User', 294);

-- --------------------------------------------------------

--
-- Struktur dari tabel `permissions`
--

CREATE TABLE `permissions` (
  `id` int(10) UNSIGNED NOT NULL,
  `name` varchar(191) NOT NULL,
  `guard_name` varchar(191) NOT NULL,
  `created_at` timestamp NULL DEFAULT NULL,
  `updated_at` timestamp NULL DEFAULT NULL
) ENGINE=InnoDB DEFAULT CHARSET=utf8mb4 COLLATE=utf8mb4_unicode_ci;

--
-- Dumping data untuk tabel `permissions`
--

INSERT INTO `permissions` (`id`, `name`, `guard_name`, `created_at`, `updated_at`) VALUES
(1, 'users_manage', 'web', '2020-10-10 00:22:30', '2020-10-10 00:22:30'),
(2, 'imut_it', 'web', '2020-10-10 00:23:56', '2020-10-10 00:23:56'),
(6, 'log_it', 'web', '2020-12-01 03:44:30', '2020-12-01 03:44:30'),
(7, 'log_perawat', 'web', '2020-12-01 03:54:55', '2020-12-01 03:54:55'),
(8, 'skl', 'web', '2020-12-19 03:35:10', '2020-12-19 03:35:10'),
(10, 'accident_report', 'web', '2021-01-13 12:57:37', '2021-01-13 12:57:37'),
(11, 'administrasi', 'web', '2021-01-22 13:53:24', '2021-01-22 13:53:24'),
(13, 'kepegawaian', 'web', '2021-02-22 20:56:42', '2021-02-22 20:56:42'),
(14, 'antrian_poli', 'web', '2021-03-19 01:33:57', '2021-03-19 01:33:57'),
(15, 'antigen', 'web', '2021-06-23 13:13:12', '2021-06-23 13:13:12'),
(16, 'gaji', 'web', '2021-07-23 01:12:02', '2021-07-23 01:12:02'),
(17, 'insentif_kehadiran', 'web', '2021-07-30 15:20:20', '2021-07-30 15:20:20'),
(18, 'supervisi-ibs', 'web', '2021-09-11 14:00:05', '2021-09-11 14:00:05'),
(20, 'surveilans-ppi', 'web', '2021-10-16 14:08:27', '2021-10-16 14:08:58'),
(21, 'pengajuan-pengeluaran', 'web', '2021-10-23 10:33:44', '2021-10-23 10:33:44'),
(22, 'laporan', 'web', '2021-11-17 15:46:34', '2021-11-17 15:46:34'),
(23, 'admin-laporan', 'web', '2021-11-17 15:46:42', '2021-11-17 15:46:42'),
(24, 'tu', 'web', '2023-01-10 23:14:03', '2023-01-10 23:14:03');

-- --------------------------------------------------------

--
-- Struktur dari tabel `roles`
--

CREATE TABLE `roles` (
  `id` int(10) UNSIGNED NOT NULL,
  `name` varchar(191) NOT NULL,
  `guard_name` varchar(191) NOT NULL,
  `created_at` timestamp NULL DEFAULT NULL,
  `updated_at` timestamp NULL DEFAULT NULL
) ENGINE=InnoDB DEFAULT CHARSET=utf8mb4 COLLATE=utf8mb4_unicode_ci;

--
-- Dumping data untuk tabel `roles`
--

INSERT INTO `roles` (`id`, `name`, `guard_name`, `created_at`, `updated_at`) VALUES
(1, 'administrator', 'web', '2020-10-10 00:22:30', '2020-10-10 00:22:30'),
(2, 'kantor', 'web', '2020-10-10 00:24:40', '2020-10-10 00:24:40'),
(3, 'it', 'web', '2020-10-10 00:24:52', '2020-10-10 00:24:52'),
(4, 'poli', 'web', '2020-12-01 03:56:35', '2020-12-01 03:56:35'),
(5, 'ibs', 'web', '2020-12-01 03:56:53', '2020-12-01 03:56:53'),
(6, 'kabag-keperawatan', 'web', '2020-12-01 03:57:23', '2020-12-01 03:57:23'),
(7, 'kebidanan', 'web', '2020-12-19 03:35:49', '2020-12-19 03:35:49'),
(8, 'k3', 'web', '2021-01-14 03:03:53', '2021-01-14 03:03:53'),
(9, 'bangsal-anak', 'web', '2021-01-16 06:42:29', '2021-01-16 06:42:29'),
(10, 'bangsal-dewasa', 'web', '2021-01-16 06:42:43', '2021-01-16 06:42:43'),
(11, 'icu', 'web', '2021-01-16 06:42:57', '2021-01-16 06:42:57'),
(12, 'igd', 'web', '2021-01-16 06:43:44', '2021-01-16 06:43:44'),
(13, 'admin-direksi', 'web', '2021-02-16 16:21:05', '2021-02-16 16:21:05'),
(14, 'kasubag-tata-usaha', 'web', '2021-02-22 13:22:09', '2021-08-10 18:21:35'),
(15, 'gizi', 'web', '2021-02-22 13:22:30', '2021-02-22 13:22:30'),
(16, 'binroh', 'web', '2021-02-22 13:22:56', '2021-02-22 13:22:56'),
(17, 'cs', 'web', '2021-02-22 13:23:14', '2021-02-22 13:23:14'),
(18, 'cssd', 'web', '2021-02-22 13:23:32', '2021-02-22 13:23:32'),
(19, 'driver', 'web', '2021-02-22 13:23:45', '2021-02-22 13:23:45'),
(20, 'lab', 'web', '2021-02-22 13:23:57', '2021-02-22 13:23:57'),
(21, 'fisioterapi', 'web', '2021-02-22 13:24:06', '2021-02-22 13:24:06'),
(23, 'informasi', 'web', '2021-02-22 13:24:29', '2021-02-22 13:24:29'),
(24, 'elektromedis', 'web', '2021-02-22 13:24:42', '2021-02-22 13:24:42'),
(25, 'ipsrs', 'web', '2021-02-22 13:24:51', '2021-02-22 13:24:51'),
(26, 'kasir', 'web', '2021-02-22 13:25:10', '2021-02-22 13:25:10'),
(28, 'kasubag-ipsrs', 'web', '2021-02-22 13:25:53', '2021-02-22 13:25:53'),
(29, 'kasubag-kepegawaian', 'web', '2021-02-22 13:26:06', '2021-02-22 13:26:06'),
(30, 'kasubag-perbendaharaan', 'web', '2021-02-22 13:26:30', '2021-02-22 13:26:30'),
(31, 'kasubag-verifikasi-akuntansi-pajak', 'web', '2021-02-22 13:26:51', '2021-08-10 18:20:51'),
(34, 'laundry', 'web', '2021-02-22 13:27:32', '2021-02-22 13:27:32'),
(35, 'komite-keperawatan', 'web', '2021-02-22 13:28:03', '2021-02-22 13:28:03'),
(36, 'pkrs', 'web', '2021-02-22 13:29:08', '2021-02-22 13:36:00'),
(37, 'pmkp', 'web', '2021-02-22 13:29:16', '2021-02-22 13:35:54'),
(38, 'ppi', 'web', '2021-02-22 13:29:50', '2021-02-22 13:29:50'),
(39, 'radiologi', 'web', '2021-02-22 13:30:02', '2021-02-22 13:30:02'),
(40, 'rm', 'web', '2021-02-22 13:30:18', '2021-02-22 13:30:18'),
(41, 'keuangan', 'web', '2021-02-22 13:30:52', '2021-07-23 01:17:12'),
(42, 'farmasi', 'web', '2021-02-22 13:31:14', '2021-02-22 13:31:14'),
(43, 'sanitasi', 'web', '2021-02-22 13:31:28', '2021-02-22 13:31:28'),
(44, 'security', 'web', '2021-02-22 13:31:43', '2021-02-22 13:31:43'),
(46, 'rehabilitasi-medik', 'web', '2021-02-22 13:33:05', '2021-02-22 13:33:05'),
(48, 'staf-umum', 'web', '2021-02-22 13:34:08', '2021-02-22 13:34:08'),
(50, 'pelayanan', 'web', '2021-06-14 10:53:25', '2021-06-14 10:53:25'),
(51, 'kepegawaian', 'web', '2021-06-14 13:01:06', '2021-06-14 13:01:06'),
(52, 'spv', 'web', '2021-06-17 17:37:14', '2021-06-17 17:37:14'),
(53, 'fulltimer', 'web', '2021-07-29 10:05:28', '2021-07-29 10:05:28'),
(54, 'direksi', 'web', '2021-07-29 10:18:16', '2021-07-29 10:18:16'),
(55, 'kasubag-humas', 'web', '2021-08-10 18:22:04', '2021-08-10 18:22:04'),
(56, 'kasubag-penunjang-operasional', 'web', '2021-08-10 18:22:24', '2021-08-10 18:22:24'),
(57, 'kasubag-aik', 'web', '2021-08-10 18:22:39', '2021-08-10 18:22:39'),
(58, 'kasubag-aset-gudang', 'web', '2021-08-10 18:22:54', '2021-08-10 18:22:54'),
(59, 'kasubag-kesling-k3', 'web', '2021-08-10 18:23:11', '2021-08-10 18:23:11'),
(60, 'kasubag-perencanaan-it', 'web', '2021-08-10 18:23:28', '2021-08-10 18:23:28'),
(61, 'kasubag-diklat', 'web', '2021-08-10 18:23:46', '2021-08-10 18:23:46'),
(62, 'kasubag-marketing', 'web', '2021-08-10 18:23:57', '2021-08-10 18:23:57'),
(63, 'kasubag-penunjang-medik', 'web', '2021-08-12 20:16:43', '2021-08-12 20:16:43'),
(64, 'kasubag-penunjang-nonmedik', 'web', '2021-08-12 20:18:10', '2021-08-12 20:18:10'),
(65, 'kasubag-keperawatan-rajal-gadar', 'web', '2021-08-12 20:21:18', '2021-08-12 20:21:18'),
(66, 'kasubag-keperawatan-ranap', 'web', '2021-08-12 20:24:52', '2021-08-12 20:24:52'),
(67, 'kasubag-rajal-gadar', 'web', '2021-08-12 20:25:21', '2021-08-12 20:25:21'),
(68, 'kasubag-ranap', 'web', '2021-08-12 20:25:42', '2021-08-12 20:25:42'),
(69, 'kabag-pelayanan-medik', 'web', '2021-08-12 20:26:11', '2021-08-12 20:26:11'),
(70, 'kabag-penunjang', 'web', '2021-08-12 20:26:27', '2021-08-12 20:26:27'),
(71, 'kabag-umum', 'web', '2021-08-12 20:26:41', '2021-08-12 20:26:41'),
(72, 'kabag-kepegawaian', 'web', '2021-08-12 20:27:15', '2021-08-12 20:27:15'),
(73, 'kabag-rumah-tangga', 'web', '2021-08-12 20:27:37', '2021-08-12 20:27:37'),
(74, 'kabag-keuangan', 'web', '2021-08-12 20:27:46', '2021-08-12 20:27:46'),
(75, 'kabag-perencanaan', 'web', '2021-08-12 20:28:18', '2021-08-12 20:28:18'),
(76, 'direktur-utama', 'web', '2021-08-12 20:29:27', '2021-08-12 20:30:07'),
(77, 'direktur-umum-kepegawaian', 'web', '2021-08-12 20:29:57', '2021-08-12 20:29:57'),
(78, 'direktur-keuangan-perencanaan', 'web', '2021-08-12 20:30:22', '2021-08-12 20:30:22'),
(79, 'direktur-pelayanan-keperawatan-penunjang', 'web', '2021-08-12 20:30:54', '2021-08-12 20:30:54'),
(80, 'mpp', 'web', '2021-08-12 20:31:25', '2021-08-12 20:31:25'),
(81, 'spi', 'web', '2021-08-12 20:31:35', '2021-08-12 20:31:35'),
(82, 'asuransi', 'web', '2021-08-12 20:32:59', '2021-08-12 20:32:59'),
(83, 'komite-medik', 'web', '2021-09-13 09:55:14', '2021-09-13 09:55:14'),
(84, 'karu-lab', 'web', '2021-10-14 19:53:51', '2021-10-14 19:53:51'),
(85, 'karu-rm-informasi', 'web', '2021-10-14 19:54:03', '2021-10-14 19:54:03'),
(86, 'karu-radiologi', 'web', '2021-10-14 19:54:14', '2021-10-14 19:54:14'),
(87, 'karu-rehab', 'web', '2021-10-14 19:54:24', '2021-10-14 19:54:24'),
(88, 'karu-farmasi', 'web', '2021-10-14 19:54:32', '2021-10-14 19:54:32'),
(89, 'karu-gizi', 'web', '2021-10-14 19:54:38', '2021-10-14 19:54:38'),
(90, 'karu-laundry', 'web', '2021-10-14 19:54:44', '2021-10-14 19:54:44'),
(91, 'karu-cssd', 'web', '2021-10-14 19:54:58', '2021-10-14 19:54:58'),
(92, 'karu-binroh', 'web', '2021-10-14 19:55:08', '2021-10-14 19:55:08'),
(93, 'karu-driver', 'web', '2021-10-14 19:55:17', '2021-10-14 19:55:17'),
(94, 'karu-cs', 'web', '2021-10-14 19:55:27', '2021-10-14 19:55:27'),
(95, 'karu-security', 'web', '2021-10-14 19:55:36', '2021-10-14 19:55:36'),
(96, 'karu-ibs', 'web', '2021-10-14 19:55:43', '2021-10-14 19:55:43'),
(97, 'karu-icu', 'web', '2021-10-14 19:55:48', '2021-10-14 19:55:48'),
(98, 'karu-igd', 'web', '2021-10-14 19:55:54', '2021-10-14 19:55:54'),
(99, 'karu-poli', 'web', '2021-10-14 19:56:04', '2021-10-14 19:56:04'),
(100, 'karu-bangsal3', 'web', '2021-10-14 19:56:12', '2021-10-14 19:56:12'),
(101, 'karu-bangsal4', 'web', '2021-10-14 19:56:19', '2021-10-14 19:56:19'),
(102, 'karu-kebidanan', 'web', '2021-10-14 19:56:30', '2021-10-14 19:56:30'),
(103, 'karu-kasir', 'web', '2021-10-14 19:56:36', '2021-10-14 19:56:36'),
(104, 'training-nakes', 'web', '2022-01-11 10:59:26', '2022-01-11 10:59:26'),
(105, 'dokter', 'web', '2022-02-05 09:36:58', '2022-02-05 09:36:58'),
(106, 'karu-it', 'web', '2022-02-16 10:21:42', '2022-02-16 10:21:42'),
(107, 'perinatologi', 'web', '2022-03-09 11:01:19', '2022-03-09 11:01:19'),
(108, 'sekretaris-direktur', 'web', '2022-04-22 01:26:32', '2022-04-22 01:26:32');

-- --------------------------------------------------------

--
-- Struktur dari tabel `role_has_permissions`
--

CREATE TABLE `role_has_permissions` (
  `permission_id` int(10) UNSIGNED NOT NULL,
  `role_id` int(10) UNSIGNED NOT NULL
) ENGINE=InnoDB DEFAULT CHARSET=utf8mb4 COLLATE=utf8mb4_unicode_ci;

--
-- Dumping data untuk tabel `role_has_permissions`
--

INSERT INTO `role_has_permissions` (`permission_id`, `role_id`) VALUES
(1, 1),
(1, 3),
(1, 51),
(1, 72),
(2, 3),
(6, 3),
(7, 4),
(7, 5),
(7, 6),
(7, 7),
(7, 9),
(7, 10),
(7, 11),
(7, 12),
(7, 66),
(7, 104),
(7, 107),
(8, 3),
(8, 7),
(10, 2),
(10, 3),
(10, 4),
(10, 5),
(10, 6),
(10, 7),
(10, 8),
(10, 9),
(10, 10),
(10, 11),
(10, 12),
(10, 13),
(10, 16),
(10, 20),
(10, 23),
(10, 39),
(10, 40),
(10, 41),
(10, 42),
(10, 43),
(10, 44),
(10, 46),
(10, 48),
(10, 50),
(10, 51),
(10, 52),
(10, 53),
(10, 66),
(10, 105),
(10, 107),
(11, 2),
(11, 3),
(11, 4),
(11, 5),
(11, 6),
(11, 7),
(11, 8),
(11, 9),
(11, 10),
(11, 11),
(11, 12),
(11, 13),
(11, 14),
(11, 16),
(11, 20),
(11, 23),
(11, 28),
(11, 29),
(11, 30),
(11, 31),
(11, 35),
(11, 36),
(11, 37),
(11, 38),
(11, 39),
(11, 40),
(11, 41),
(11, 42),
(11, 50),
(11, 51),
(11, 52),
(11, 53),
(11, 54),
(11, 55),
(11, 56),
(11, 57),
(11, 58),
(11, 59),
(11, 60),
(11, 61),
(11, 62),
(11, 63),
(11, 64),
(11, 65),
(11, 66),
(11, 67),
(11, 68),
(11, 69),
(11, 70),
(11, 71),
(11, 72),
(11, 73),
(11, 74),
(11, 75),
(11, 76),
(11, 77),
(11, 78),
(11, 79),
(11, 80),
(11, 81),
(11, 82),
(11, 83),
(11, 84),
(11, 85),
(11, 86),
(11, 87),
(11, 88),
(11, 89),
(11, 90),
(11, 91),
(11, 92),
(11, 93),
(11, 94),
(11, 95),
(11, 96),
(11, 97),
(11, 98),
(11, 99),
(11, 100),
(11, 101),
(11, 102),
(11, 103),
(11, 105),
(11, 106),
(11, 107),
(11, 108),
(13, 3),
(13, 29),
(13, 51),
(13, 72),
(13, 77),
(14, 3),
(14, 4),
(14, 23),
(14, 40),
(15, 3),
(15, 20),
(15, 31),
(16, 51),
(17, 3),
(17, 72),
(18, 5),
(20, 3),
(20, 7),
(20, 9),
(20, 10),
(20, 11),
(20, 12),
(20, 38),
(20, 97),
(20, 98),
(20, 100),
(20, 101),
(20, 102),
(20, 107),
(21, 26),
(21, 30),
(21, 74),
(22, 6),
(22, 14),
(22, 28),
(22, 29),
(22, 30),
(22, 35),
(22, 36),
(22, 37),
(22, 38),
(22, 51),
(22, 52),
(22, 55),
(22, 56),
(22, 57),
(22, 58),
(22, 59),
(22, 60),
(22, 61),
(22, 62),
(22, 63),
(22, 64),
(22, 65),
(22, 66),
(22, 67),
(22, 68),
(22, 69),
(22, 70),
(22, 71),
(22, 72),
(22, 73),
(22, 74),
(22, 75),
(22, 77),
(22, 78),
(22, 80),
(22, 81),
(22, 82),
(22, 83),
(22, 84),
(22, 85),
(22, 86),
(22, 87),
(22, 88),
(22, 89),
(22, 90),
(22, 91),
(22, 92),
(22, 93),
(22, 94),
(22, 95),
(22, 96),
(22, 97),
(22, 98),
(22, 99),
(22, 100),
(22, 101),
(22, 102),
(22, 103),
(22, 106),
(22, 107),
(23, 3),
(23, 54),
(23, 76),
(23, 79),
(24, 3),
(24, 14),
(24, 55);

--
-- Indexes for dumped tables
--

--
-- Indeks untuk tabel `model_has_permissions`
--
ALTER TABLE `model_has_permissions`
  ADD PRIMARY KEY (`permission_id`,`model_id`,`model_type`),
  ADD KEY `model_has_permissions_model_type_model_id_index` (`model_type`,`model_id`);

--
-- Indeks untuk tabel `model_has_roles`
--
ALTER TABLE `model_has_roles`
  ADD PRIMARY KEY (`role_id`,`model_id`,`model_type`),
  ADD KEY `model_has_roles_model_type_model_id_index` (`model_type`,`model_id`);

--
-- Indeks untuk tabel `permissions`
--
ALTER TABLE `permissions`
  ADD PRIMARY KEY (`id`);

--
-- Indeks untuk tabel `roles`
--
ALTER TABLE `roles`
  ADD PRIMARY KEY (`id`);

--
-- Indeks untuk tabel `role_has_permissions`
--
ALTER TABLE `role_has_permissions`
  ADD PRIMARY KEY (`permission_id`,`role_id`),
  ADD KEY `role_has_permissions_role_id_foreign` (`role_id`);

--
-- AUTO_INCREMENT untuk tabel yang dibuang
--

--
-- AUTO_INCREMENT untuk tabel `permissions`
--
ALTER TABLE `permissions`
  MODIFY `id` int(10) UNSIGNED NOT NULL AUTO_INCREMENT, AUTO_INCREMENT=25;

--
-- AUTO_INCREMENT untuk tabel `roles`
--
ALTER TABLE `roles`
  MODIFY `id` int(10) UNSIGNED NOT NULL AUTO_INCREMENT, AUTO_INCREMENT=110;

--
-- Ketidakleluasaan untuk tabel pelimpahan (Dumped Tables)
--

--
-- Ketidakleluasaan untuk tabel `model_has_permissions`
--
ALTER TABLE `model_has_permissions`
  ADD CONSTRAINT `model_has_permissions_permission_id_foreign` FOREIGN KEY (`permission_id`) REFERENCES `permissions` (`id`) ON DELETE CASCADE;

--
-- Ketidakleluasaan untuk tabel `model_has_roles`
--
ALTER TABLE `model_has_roles`
  ADD CONSTRAINT `model_has_roles_role_id_foreign` FOREIGN KEY (`role_id`) REFERENCES `roles` (`id`) ON DELETE CASCADE;

--
-- Ketidakleluasaan untuk tabel `role_has_permissions`
--
ALTER TABLE `role_has_permissions`
  ADD CONSTRAINT `role_has_permissions_permission_id_foreign` FOREIGN KEY (`permission_id`) REFERENCES `permissions` (`id`) ON DELETE CASCADE,
  ADD CONSTRAINT `role_has_permissions_role_id_foreign` FOREIGN KEY (`role_id`) REFERENCES `roles` (`id`) ON DELETE CASCADE;
COMMIT;

/*!40101 SET CHARACTER_SET_CLIENT=@OLD_CHARACTER_SET_CLIENT */;
/*!40101 SET CHARACTER_SET_RESULTS=@OLD_CHARACTER_SET_RESULTS */;
/*!40101 SET COLLATION_CONNECTION=@OLD_COLLATION_CONNECTION */;
