-- phpMyAdmin SQL Dump
-- version 5.2.1
-- https://www.phpmyadmin.net/
--
-- Host: 127.0.0.1:3306
-- Waktu pembuatan: 11 Des 2023 pada 12.42
-- Versi server: 10.6.14-MariaDB-cll-lve
-- Versi PHP: 7.2.34

SET SQL_MODE = "NO_AUTO_VALUE_ON_ZERO";
START TRANSACTION;
SET time_zone = "+00:00";


/*!40101 SET @OLD_CHARACTER_SET_CLIENT=@@CHARACTER_SET_CLIENT */;
/*!40101 SET @OLD_CHARACTER_SET_RESULTS=@@CHARACTER_SET_RESULTS */;
/*!40101 SET @OLD_COLLATION_CONNECTION=@@COLLATION_CONNECTION */;
/*!40101 SET NAMES utf8mb4 */;

--
-- Database: `u655189685_simrsmuv3`
--

-- --------------------------------------------------------

--
-- Struktur dari tabel `model_has_roles`
--

CREATE TABLE `model_has_roles` (
  `role_id` bigint(20) UNSIGNED NOT NULL,
  `model_type` varchar(255) NOT NULL,
  `model_id` bigint(20) UNSIGNED NOT NULL
) ENGINE=InnoDB DEFAULT CHARSET=utf8mb4 COLLATE=utf8mb4_unicode_ci;

--
-- Dumping data untuk tabel `model_has_roles`
--

INSERT INTO `model_has_roles` (`role_id`, `model_type`, `model_id`) VALUES
(1, 'App\\User', 1),
(2, 'App\\User', 83),
(2, 'App\\User', 84),
(2, 'App\\User', 85),
(2, 'App\\User', 86),
(2, 'App\\User', 88),
(2, 'App\\User', 235),
(3, 'App\\User', 2),
(3, 'App\\User', 233),
(3, 'App\\User', 234),
(3, 'App\\User', 243),
(3, 'App\\User', 256),
(3, 'App\\User', 330),
(4, 'App\\User', 7),
(4, 'App\\User', 16),
(4, 'App\\User', 79),
(4, 'App\\User', 103),
(4, 'App\\User', 214),
(4, 'App\\User', 215),
(4, 'App\\User', 216),
(4, 'App\\User', 222),
(4, 'App\\User', 227),
(4, 'App\\User', 237),
(4, 'App\\User', 278),
(4, 'App\\User', 317),
(4, 'App\\User', 338),
(4, 'App\\User', 355),
(4, 'App\\User', 357),
(5, 'App\\User', 8),
(5, 'App\\User', 14),
(5, 'App\\User', 21),
(5, 'App\\User', 46),
(5, 'App\\User', 49),
(5, 'App\\User', 54),
(5, 'App\\User', 55),
(5, 'App\\User', 211),
(5, 'App\\User', 213),
(5, 'App\\User', 256),
(5, 'App\\User', 348),
(5, 'App\\User', 364),
(6, 'App\\User', 4),
(6, 'App\\User', 256),
(7, 'App\\User', 65),
(7, 'App\\User', 66),
(7, 'App\\User', 67),
(7, 'App\\User', 68),
(7, 'App\\User', 69),
(7, 'App\\User', 70),
(7, 'App\\User', 71),
(7, 'App\\User', 72),
(7, 'App\\User', 73),
(7, 'App\\User', 74),
(7, 'App\\User', 75),
(7, 'App\\User', 76),
(7, 'App\\User', 77),
(7, 'App\\User', 223),
(7, 'App\\User', 229),
(8, 'App\\User', 2),
(8, 'App\\User', 47),
(8, 'App\\User', 256),
(9, 'App\\User', 10),
(9, 'App\\User', 11),
(9, 'App\\User', 13),
(9, 'App\\User', 18),
(9, 'App\\User', 25),
(9, 'App\\User', 27),
(9, 'App\\User', 29),
(9, 'App\\User', 39),
(9, 'App\\User', 201),
(9, 'App\\User', 202),
(9, 'App\\User', 218),
(9, 'App\\User', 226),
(9, 'App\\User', 228),
(9, 'App\\User', 263),
(9, 'App\\User', 264),
(9, 'App\\User', 269),
(9, 'App\\User', 271),
(9, 'App\\User', 274),
(9, 'App\\User', 276),
(9, 'App\\User', 280),
(9, 'App\\User', 335),
(9, 'App\\User', 336),
(9, 'App\\User', 353),
(9, 'App\\User', 356),
(9, 'App\\User', 360),
(10, 'App\\User', 12),
(10, 'App\\User', 15),
(10, 'App\\User', 31),
(10, 'App\\User', 32),
(10, 'App\\User', 33),
(10, 'App\\User', 35),
(10, 'App\\User', 44),
(10, 'App\\User', 51),
(10, 'App\\User', 53),
(10, 'App\\User', 203),
(10, 'App\\User', 219),
(10, 'App\\User', 220),
(10, 'App\\User', 221),
(10, 'App\\User', 224),
(10, 'App\\User', 225),
(10, 'App\\User', 261),
(10, 'App\\User', 262),
(10, 'App\\User', 265),
(10, 'App\\User', 267),
(10, 'App\\User', 268),
(10, 'App\\User', 275),
(10, 'App\\User', 281),
(10, 'App\\User', 282),
(10, 'App\\User', 283),
(10, 'App\\User', 284),
(10, 'App\\User', 286),
(10, 'App\\User', 321),
(10, 'App\\User', 322),
(10, 'App\\User', 337),
(10, 'App\\User', 340),
(10, 'App\\User', 349),
(10, 'App\\User', 354),
(10, 'App\\User', 358),
(10, 'App\\User', 359),
(10, 'App\\User', 361),
(11, 'App\\User', 17),
(11, 'App\\User', 22),
(11, 'App\\User', 30),
(11, 'App\\User', 36),
(11, 'App\\User', 37),
(11, 'App\\User', 38),
(11, 'App\\User', 56),
(11, 'App\\User', 57),
(11, 'App\\User', 212),
(11, 'App\\User', 277),
(12, 'App\\User', 5),
(12, 'App\\User', 9),
(12, 'App\\User', 26),
(12, 'App\\User', 28),
(12, 'App\\User', 42),
(12, 'App\\User', 43),
(12, 'App\\User', 52),
(12, 'App\\User', 58),
(12, 'App\\User', 59),
(12, 'App\\User', 60),
(12, 'App\\User', 61),
(12, 'App\\User', 62),
(12, 'App\\User', 63),
(12, 'App\\User', 64),
(12, 'App\\User', 339),
(14, 'App\\User', 84),
(15, 'App\\User', 135),
(15, 'App\\User', 136),
(15, 'App\\User', 137),
(15, 'App\\User', 138),
(15, 'App\\User', 139),
(15, 'App\\User', 140),
(15, 'App\\User', 141),
(15, 'App\\User', 142),
(15, 'App\\User', 143),
(15, 'App\\User', 144),
(15, 'App\\User', 199),
(15, 'App\\User', 200),
(15, 'App\\User', 295),
(15, 'App\\User', 352),
(17, 'App\\User', 164),
(17, 'App\\User', 165),
(17, 'App\\User', 167),
(17, 'App\\User', 168),
(17, 'App\\User', 169),
(17, 'App\\User', 170),
(17, 'App\\User', 171),
(17, 'App\\User', 172),
(17, 'App\\User', 173),
(17, 'App\\User', 174),
(17, 'App\\User', 175),
(17, 'App\\User', 205),
(17, 'App\\User', 206),
(17, 'App\\User', 248),
(17, 'App\\User', 258),
(17, 'App\\User', 313),
(17, 'App\\User', 314),
(17, 'App\\User', 315),
(17, 'App\\User', 316),
(18, 'App\\User', 156),
(18, 'App\\User', 157),
(18, 'App\\User', 158),
(18, 'App\\User', 159),
(18, 'App\\User', 245),
(18, 'App\\User', 351),
(19, 'App\\User', 195),
(19, 'App\\User', 196),
(19, 'App\\User', 197),
(19, 'App\\User', 198),
(19, 'App\\User', 272),
(20, 'App\\User', 149),
(20, 'App\\User', 150),
(20, 'App\\User', 151),
(20, 'App\\User', 152),
(20, 'App\\User', 153),
(20, 'App\\User', 154),
(20, 'App\\User', 155),
(20, 'App\\User', 247),
(20, 'App\\User', 318),
(20, 'App\\User', 350),
(23, 'App\\User', 96),
(23, 'App\\User', 97),
(23, 'App\\User', 98),
(24, 'App\\User', 101),
(25, 'App\\User', 47),
(25, 'App\\User', 99),
(25, 'App\\User', 100),
(25, 'App\\User', 101),
(25, 'App\\User', 241),
(25, 'App\\User', 246),
(25, 'App\\User', 256),
(25, 'App\\User', 257),
(25, 'App\\User', 273),
(25, 'App\\User', 302),
(25, 'App\\User', 303),
(26, 'App\\User', 184),
(26, 'App\\User', 185),
(26, 'App\\User', 186),
(26, 'App\\User', 187),
(26, 'App\\User', 188),
(26, 'App\\User', 189),
(28, 'App\\User', 100),
(28, 'App\\User', 257),
(30, 'App\\User', 93),
(31, 'App\\User', 95),
(34, 'App\\User', 190),
(34, 'App\\User', 191),
(34, 'App\\User', 192),
(34, 'App\\User', 193),
(34, 'App\\User', 194),
(34, 'App\\User', 300),
(34, 'App\\User', 301),
(35, 'App\\User', 23),
(36, 'App\\User', 362),
(37, 'App\\User', 102),
(38, 'App\\User', 105),
(38, 'App\\User', 266),
(39, 'App\\User', 160),
(39, 'App\\User', 161),
(39, 'App\\User', 162),
(39, 'App\\User', 163),
(39, 'App\\User', 210),
(39, 'App\\User', 319),
(39, 'App\\User', 320),
(39, 'App\\User', 327),
(39, 'App\\User', 343),
(39, 'App\\User', 344),
(40, 'App\\User', 123),
(40, 'App\\User', 124),
(40, 'App\\User', 125),
(40, 'App\\User', 126),
(40, 'App\\User', 127),
(40, 'App\\User', 128),
(40, 'App\\User', 129),
(40, 'App\\User', 130),
(40, 'App\\User', 131),
(40, 'App\\User', 132),
(40, 'App\\User', 133),
(40, 'App\\User', 134),
(40, 'App\\User', 207),
(40, 'App\\User', 208),
(40, 'App\\User', 209),
(40, 'App\\User', 296),
(40, 'App\\User', 297),
(40, 'App\\User', 298),
(40, 'App\\User', 299),
(41, 'App\\User', 91),
(41, 'App\\User', 92),
(41, 'App\\User', 93),
(41, 'App\\User', 95),
(41, 'App\\User', 231),
(41, 'App\\User', 331),
(42, 'App\\User', 108),
(42, 'App\\User', 109),
(42, 'App\\User', 110),
(42, 'App\\User', 111),
(42, 'App\\User', 112),
(42, 'App\\User', 113),
(42, 'App\\User', 114),
(42, 'App\\User', 115),
(42, 'App\\User', 116),
(42, 'App\\User', 117),
(42, 'App\\User', 118),
(42, 'App\\User', 119),
(42, 'App\\User', 120),
(42, 'App\\User', 121),
(42, 'App\\User', 122),
(42, 'App\\User', 306),
(42, 'App\\User', 307),
(42, 'App\\User', 308),
(42, 'App\\User', 332),
(42, 'App\\User', 345),
(42, 'App\\User', 346),
(42, 'App\\User', 347),
(43, 'App\\User', 106),
(43, 'App\\User', 166),
(44, 'App\\User', 176),
(44, 'App\\User', 177),
(44, 'App\\User', 178),
(44, 'App\\User', 179),
(44, 'App\\User', 180),
(44, 'App\\User', 181),
(44, 'App\\User', 182),
(44, 'App\\User', 183),
(44, 'App\\User', 204),
(44, 'App\\User', 304),
(44, 'App\\User', 309),
(44, 'App\\User', 310),
(44, 'App\\User', 311),
(44, 'App\\User', 312),
(44, 'App\\User', 342),
(46, 'App\\User', 145),
(46, 'App\\User', 146),
(46, 'App\\User', 147),
(46, 'App\\User', 148),
(46, 'App\\User', 285),
(46, 'App\\User', 305),
(46, 'App\\User', 326),
(46, 'App\\User', 328),
(46, 'App\\User', 329),
(50, 'App\\User', 230),
(50, 'App\\User', 254),
(50, 'App\\User', 334),
(51, 'App\\User', 244),
(51, 'App\\User', 287),
(52, 'App\\User', 78),
(52, 'App\\User', 107),
(52, 'App\\User', 238),
(52, 'App\\User', 239),
(53, 'App\\User', 249),
(53, 'App\\User', 250),
(53, 'App\\User', 251),
(53, 'App\\User', 252),
(53, 'App\\User', 253),
(53, 'App\\User', 254),
(53, 'App\\User', 255),
(53, 'App\\User', 323),
(53, 'App\\User', 334),
(54, 'App\\User', 230),
(54, 'App\\User', 242),
(54, 'App\\User', 254),
(54, 'App\\User', 256),
(54, 'App\\User', 257),
(55, 'App\\User', 88),
(56, 'App\\User', 236),
(57, 'App\\User', 260),
(58, 'App\\User', 83),
(59, 'App\\User', 2),
(59, 'App\\User', 47),
(60, 'App\\User', 293),
(61, 'App\\User', 235),
(62, 'App\\User', 362),
(63, 'App\\User', 255),
(64, 'App\\User', 252),
(64, 'App\\User', 291),
(65, 'App\\User', 363),
(66, 'App\\User', 36),
(66, 'App\\User', 363),
(67, 'App\\User', 250),
(68, 'App\\User', 251),
(69, 'App\\User', 249),
(69, 'App\\User', 323),
(70, 'App\\User', 249),
(70, 'App\\User', 254),
(70, 'App\\User', 334),
(71, 'App\\User', 236),
(72, 'App\\User', 104),
(73, 'App\\User', 246),
(74, 'App\\User', 91),
(75, 'App\\User', 85),
(76, 'App\\User', 256),
(77, 'App\\User', 257),
(78, 'App\\User', 242),
(78, 'App\\User', 324),
(79, 'App\\User', 230),
(80, 'App\\User', 40),
(80, 'App\\User', 41),
(81, 'App\\User', 259),
(81, 'App\\User', 341),
(82, 'App\\User', 90),
(82, 'App\\User', 94),
(82, 'App\\User', 123),
(82, 'App\\User', 128),
(82, 'App\\User', 250),
(82, 'App\\User', 253),
(82, 'App\\User', 325),
(83, 'App\\User', 255),
(84, 'App\\User', 149),
(85, 'App\\User', 124),
(86, 'App\\User', 162),
(87, 'App\\User', 145),
(88, 'App\\User', 108),
(89, 'App\\User', 135),
(90, 'App\\User', 191),
(91, 'App\\User', 245),
(92, 'App\\User', 86),
(93, 'App\\User', 196),
(94, 'App\\User', 164),
(95, 'App\\User', 176),
(95, 'App\\User', 180),
(96, 'App\\User', 45),
(97, 'App\\User', 212),
(98, 'App\\User', 61),
(99, 'App\\User', 7),
(100, 'App\\User', 50),
(101, 'App\\User', 24),
(102, 'App\\User', 65),
(103, 'App\\User', 184),
(105, 'App\\User', 288),
(105, 'App\\User', 289),
(105, 'App\\User', 290),
(106, 'App\\User', 232),
(107, 'App\\User', 6),
(107, 'App\\User', 240),
(108, 'App\\User', 82),
(108, 'App\\User', 87),
(108, 'App\\User', 270),
(108, 'App\\User', 292),
(108, 'App\\User', 294),
(109, 'App\\User', 234),
(111, 'App\\User', 34);

-- --------------------------------------------------------

--
-- Struktur dari tabel `permissions`
--

CREATE TABLE `permissions` (
  `id` bigint(20) UNSIGNED NOT NULL,
  `name` varchar(255) NOT NULL,
  `guard_name` varchar(255) NOT NULL,
  `created_at` timestamp NULL DEFAULT NULL,
  `updated_at` timestamp NULL DEFAULT NULL
) ENGINE=InnoDB DEFAULT CHARSET=utf8mb4 COLLATE=utf8mb4_unicode_ci;

--
-- Dumping data untuk tabel `permissions`
--

INSERT INTO `permissions` (`id`, `name`, `guard_name`, `created_at`, `updated_at`) VALUES
(1, 'akses_jabatan', 'web', '2023-11-13 19:30:11', '2023-11-13 19:30:11'),
(2, 'akun_pengguna', 'web', '2023-11-13 19:30:24', '2023-11-13 19:30:24'),
(3, 'struktur_organisasi', 'web', '2023-11-13 19:30:36', '2023-11-13 19:30:36'),
(4, 'profil_karyawan', 'web', '2023-11-13 19:30:43', '2023-11-13 19:30:43'),
(5, 'laporan_bulanan', 'web', '2023-11-13 19:31:02', '2023-11-13 19:31:02'),
(6, 'rapat', 'web', '2023-11-13 19:31:13', '2023-11-13 19:31:13'),
(7, 'rka', 'web', '2023-11-13 19:31:20', '2023-11-13 19:31:20'),
(8, 'regulasi', 'web', '2023-11-13 19:31:28', '2023-11-13 19:31:28'),
(9, 'disposisi', 'web', '2023-11-13 19:31:36', '2023-11-13 19:31:36'),
(10, 'surat_masuk', 'web', '2023-11-13 19:31:48', '2023-11-13 19:31:48'),
(11, 'surat_keluar', 'web', '2023-11-13 19:31:55', '2023-11-13 19:31:55'),
(12, 'pengadaan', 'web', '2023-11-13 19:32:05', '2023-11-13 19:32:05'),
(13, 'perbaikan_ipsrs', 'web', '2023-11-13 19:32:16', '2023-11-13 19:32:16'),
(14, 'skl', 'web', '2023-11-13 19:32:20', '2023-11-13 19:32:20'),
(15, 'antigen', 'web', '2023-11-13 19:32:24', '2023-11-13 19:32:24'),
(16, 'kecelakaan_kerja', 'web', '2023-11-13 19:32:31', '2023-11-13 19:32:31'),
(17, 'manajemen_risiko', 'web', '2023-11-13 19:32:37', '2023-11-13 19:32:37'),
(18, 'admin_profil_karyawan', 'web', '2023-11-13 19:33:06', '2023-11-13 19:33:06'),
(19, 'admin_laporan_bulanan', 'web', '2023-11-13 19:33:14', '2023-11-13 19:33:14'),
(20, 'admin_rapat', 'web', '2023-11-13 19:33:20', '2023-11-13 19:33:20'),
(21, 'admin_rka', 'web', '2023-11-13 19:33:26', '2023-11-13 19:33:26'),
(22, 'admin_regulasi', 'web', '2023-11-13 19:33:32', '2023-11-13 19:33:32'),
(23, 'admin_pengadaan', 'web', '2023-11-13 19:33:42', '2023-11-13 19:33:42'),
(24, 'admin_perbaikan_ipsrs', 'web', '2023-11-13 19:33:56', '2023-11-13 19:33:56');

-- --------------------------------------------------------

--
-- Struktur dari tabel `roles`
--

CREATE TABLE `roles` (
  `id` bigint(20) UNSIGNED NOT NULL,
  `name` varchar(255) NOT NULL,
  `guard_name` varchar(255) NOT NULL,
  `created_at` timestamp NULL DEFAULT NULL,
  `updated_at` timestamp NULL DEFAULT NULL
) ENGINE=InnoDB DEFAULT CHARSET=utf8mb4 COLLATE=utf8mb4_unicode_ci;

--
-- Dumping data untuk tabel `roles`
--

INSERT INTO `roles` (`id`, `name`, `guard_name`, `created_at`, `updated_at`) VALUES
(1, 'administrator', 'web', '2020-10-10 00:22:30', '2020-10-10 00:22:30'),
(2, 'kantor', 'web', '2020-10-10 00:24:40', '2020-10-10 00:24:40'),
(3, 'it', 'web', '2020-10-10 00:24:52', '2020-10-10 00:24:52'),
(4, 'poli', 'web', '2020-12-01 03:56:35', '2020-12-01 03:56:35'),
(5, 'ibs', 'web', '2020-12-01 03:56:53', '2020-12-01 03:56:53'),
(6, 'kabag-keperawatan', 'web', '2020-12-01 03:57:23', '2020-12-01 03:57:23'),
(7, 'kebidanan', 'web', '2020-12-19 03:35:49', '2020-12-19 03:35:49'),
(8, 'k3', 'web', '2021-01-14 03:03:53', '2021-01-14 03:03:53'),
(9, 'bangsal-anak', 'web', '2021-01-16 06:42:29', '2021-01-16 06:42:29'),
(10, 'bangsal-dewasa', 'web', '2021-01-16 06:42:43', '2021-01-16 06:42:43'),
(11, 'icu', 'web', '2021-01-16 06:42:57', '2021-01-16 06:42:57'),
(12, 'igd', 'web', '2021-01-16 06:43:44', '2021-01-16 06:43:44'),
(13, 'admin-direksi', 'web', '2021-02-16 16:21:05', '2021-02-16 16:21:05'),
(14, 'kasubag-tata-usaha', 'web', '2021-02-22 13:22:09', '2021-08-10 18:21:35'),
(15, 'gizi', 'web', '2021-02-22 13:22:30', '2021-02-22 13:22:30'),
(16, 'binroh', 'web', '2021-02-22 13:22:56', '2021-02-22 13:22:56'),
(17, 'cs', 'web', '2021-02-22 13:23:14', '2021-02-22 13:23:14'),
(18, 'cssd', 'web', '2021-02-22 13:23:32', '2021-02-22 13:23:32'),
(19, 'driver', 'web', '2021-02-22 13:23:45', '2021-02-22 13:23:45'),
(20, 'lab', 'web', '2021-02-22 13:23:57', '2021-02-22 13:23:57'),
(21, 'fisioterapi', 'web', '2021-02-22 13:24:06', '2021-02-22 13:24:06'),
(23, 'informasi', 'web', '2021-02-22 13:24:29', '2021-02-22 13:24:29'),
(24, 'elektromedis', 'web', '2021-02-22 13:24:42', '2021-02-22 13:24:42'),
(25, 'ipsrs', 'web', '2021-02-22 13:24:51', '2021-02-22 13:24:51'),
(26, 'kasir', 'web', '2021-02-22 13:25:10', '2021-02-22 13:25:10'),
(28, 'kasubag-ipsrs', 'web', '2021-02-22 13:25:53', '2021-02-22 13:25:53'),
(29, 'kasubag-kepegawaian', 'web', '2021-02-22 13:26:06', '2021-02-22 13:26:06'),
(30, 'kasubag-perbendaharaan', 'web', '2021-02-22 13:26:30', '2021-02-22 13:26:30'),
(31, 'kasubag-verifikasi-akuntansi-pajak', 'web', '2021-02-22 13:26:51', '2021-08-10 18:20:51'),
(34, 'laundry', 'web', '2021-02-22 13:27:32', '2021-02-22 13:27:32'),
(35, 'komite-keperawatan', 'web', '2021-02-22 13:28:03', '2021-02-22 13:28:03'),
(36, 'pkrs', 'web', '2021-02-22 13:29:08', '2021-02-22 13:36:00'),
(37, 'pmkp', 'web', '2021-02-22 13:29:16', '2021-02-22 13:35:54'),
(38, 'ppi', 'web', '2021-02-22 13:29:50', '2021-02-22 13:29:50'),
(39, 'radiologi', 'web', '2021-02-22 13:30:02', '2021-02-22 13:30:02'),
(40, 'rm', 'web', '2021-02-22 13:30:18', '2021-02-22 13:30:18'),
(41, 'keuangan', 'web', '2021-02-22 13:30:52', '2021-07-23 01:17:12'),
(42, 'farmasi', 'web', '2021-02-22 13:31:14', '2021-02-22 13:31:14'),
(43, 'sanitasi', 'web', '2021-02-22 13:31:28', '2021-02-22 13:31:28'),
(44, 'security', 'web', '2021-02-22 13:31:43', '2021-02-22 13:31:43'),
(46, 'rehabilitasi-medik', 'web', '2021-02-22 13:33:05', '2021-02-22 13:33:05'),
(48, 'staf-umum', 'web', '2021-02-22 13:34:08', '2021-02-22 13:34:08'),
(50, 'pelayanan', 'web', '2021-06-14 10:53:25', '2021-06-14 10:53:25'),
(51, 'kepegawaian', 'web', '2021-06-14 13:01:06', '2021-06-14 13:01:06'),
(52, 'spv', 'web', '2021-06-17 17:37:14', '2021-06-17 17:37:14'),
(53, 'fulltimer', 'web', '2021-07-29 10:05:28', '2021-07-29 10:05:28'),
(54, 'direksi', 'web', '2021-07-29 10:18:16', '2021-07-29 10:18:16'),
(55, 'kasubag-humas', 'web', '2021-08-10 18:22:04', '2021-08-10 18:22:04'),
(56, 'kasubag-penunjang-operasional', 'web', '2021-08-10 18:22:24', '2021-08-10 18:22:24'),
(57, 'kasubag-aik', 'web', '2021-08-10 18:22:39', '2021-08-10 18:22:39'),
(58, 'kasubag-aset-gudang', 'web', '2021-08-10 18:22:54', '2021-08-10 18:22:54'),
(59, 'kasubag-kesling-k3', 'web', '2021-08-10 18:23:11', '2021-08-10 18:23:11'),
(60, 'kasubag-perencanaan-it', 'web', '2021-08-10 18:23:28', '2021-08-10 18:23:28'),
(61, 'kasubag-diklat', 'web', '2021-08-10 18:23:46', '2021-08-10 18:23:46'),
(62, 'kasubag-marketing', 'web', '2021-08-10 18:23:57', '2021-08-10 18:23:57'),
(63, 'kasubag-penunjang-medik', 'web', '2021-08-12 20:16:43', '2021-08-12 20:16:43'),
(64, 'kasubag-penunjang-nonmedik', 'web', '2021-08-12 20:18:10', '2021-08-12 20:18:10'),
(65, 'kasubag-keperawatan-rajal-gadar', 'web', '2021-08-12 20:21:18', '2021-08-12 20:21:18'),
(66, 'kasubag-keperawatan-ranap', 'web', '2021-08-12 20:24:52', '2021-08-12 20:24:52'),
(67, 'kasubag-rajal-gadar', 'web', '2021-08-12 20:25:21', '2021-08-12 20:25:21'),
(68, 'kasubag-ranap', 'web', '2021-08-12 20:25:42', '2021-08-12 20:25:42'),
(69, 'kabag-pelayanan-medik', 'web', '2021-08-12 20:26:11', '2021-08-12 20:26:11'),
(70, 'kabag-penunjang', 'web', '2021-08-12 20:26:27', '2021-08-12 20:26:27'),
(71, 'kabag-umum', 'web', '2021-08-12 20:26:41', '2021-08-12 20:26:41'),
(72, 'kabag-kepegawaian', 'web', '2021-08-12 20:27:15', '2021-08-12 20:27:15'),
(73, 'kabag-rumah-tangga', 'web', '2021-08-12 20:27:37', '2021-08-12 20:27:37'),
(74, 'kabag-keuangan', 'web', '2021-08-12 20:27:46', '2021-08-12 20:27:46'),
(75, 'kabag-perencanaan', 'web', '2021-08-12 20:28:18', '2021-08-12 20:28:18'),
(76, 'direktur-utama', 'web', '2021-08-12 20:29:27', '2021-08-12 20:30:07'),
(77, 'direktur-umum-kepegawaian', 'web', '2021-08-12 20:29:57', '2021-08-12 20:29:57'),
(78, 'direktur-keuangan-perencanaan', 'web', '2021-08-12 20:30:22', '2021-08-12 20:30:22'),
(79, 'direktur-pelayanan-keperawatan-penunjang', 'web', '2021-08-12 20:30:54', '2021-08-12 20:30:54'),
(80, 'mpp', 'web', '2021-08-12 20:31:25', '2021-08-12 20:31:25'),
(81, 'spi', 'web', '2021-08-12 20:31:35', '2021-08-12 20:31:35'),
(82, 'asuransi', 'web', '2021-08-12 20:32:59', '2021-08-12 20:32:59'),
(83, 'komite-medik', 'web', '2021-09-13 09:55:14', '2021-09-13 09:55:14'),
(84, 'karu-lab', 'web', '2021-10-14 19:53:51', '2021-10-14 19:53:51'),
(85, 'karu-rm-informasi', 'web', '2021-10-14 19:54:03', '2021-10-14 19:54:03'),
(86, 'karu-radiologi', 'web', '2021-10-14 19:54:14', '2021-10-14 19:54:14'),
(87, 'karu-rehab', 'web', '2021-10-14 19:54:24', '2021-10-14 19:54:24'),
(88, 'karu-farmasi', 'web', '2021-10-14 19:54:32', '2021-10-14 19:54:32'),
(89, 'karu-gizi', 'web', '2021-10-14 19:54:38', '2021-10-14 19:54:38'),
(90, 'karu-laundry', 'web', '2021-10-14 19:54:44', '2021-10-14 19:54:44'),
(91, 'karu-cssd', 'web', '2021-10-14 19:54:58', '2021-10-14 19:54:58'),
(92, 'karu-binroh', 'web', '2021-10-14 19:55:08', '2021-10-14 19:55:08'),
(93, 'karu-driver', 'web', '2021-10-14 19:55:17', '2021-10-14 19:55:17'),
(94, 'karu-cs', 'web', '2021-10-14 19:55:27', '2021-10-14 19:55:27'),
(95, 'karu-security', 'web', '2021-10-14 19:55:36', '2021-10-14 19:55:36'),
(96, 'karu-ibs', 'web', '2021-10-14 19:55:43', '2021-10-14 19:55:43'),
(97, 'karu-icu', 'web', '2021-10-14 19:55:48', '2021-10-14 19:55:48'),
(98, 'karu-igd', 'web', '2021-10-14 19:55:54', '2021-10-14 19:55:54'),
(99, 'karu-poli', 'web', '2021-10-14 19:56:04', '2021-10-14 19:56:04'),
(100, 'karu-bangsal3', 'web', '2021-10-14 19:56:12', '2021-10-14 19:56:12'),
(101, 'karu-bangsal4', 'web', '2021-10-14 19:56:19', '2021-10-14 19:56:19'),
(102, 'karu-kebidanan', 'web', '2021-10-14 19:56:30', '2021-10-14 19:56:30'),
(103, 'karu-kasir', 'web', '2021-10-14 19:56:36', '2021-10-14 19:56:36'),
(104, 'training-nakes', 'web', '2022-01-11 10:59:26', '2022-01-11 10:59:26'),
(105, 'dokter', 'web', '2022-02-05 09:36:58', '2022-02-05 09:36:58'),
(106, 'karu-it', 'web', '2022-02-16 10:21:42', '2022-02-16 10:21:42'),
(107, 'perinatologi', 'web', '2022-03-09 11:01:19', '2022-03-09 11:01:19'),
(108, 'sekretaris-direktur', 'web', '2022-04-22 01:26:32', '2022-04-22 01:26:32'),
(109, 'pic-it', 'web', '2023-11-14 00:41:25', '2023-11-14 00:41:25'),
(110, 'pic-marketing', 'web', '2023-11-14 00:41:41', '2023-11-14 00:41:41'),
(111, 'karu-perinatologi', 'web', '2023-11-14 11:49:12', '2023-11-14 11:49:12');

-- --------------------------------------------------------

--
-- Struktur dari tabel `role_has_permissions`
--

CREATE TABLE `role_has_permissions` (
  `permission_id` bigint(20) UNSIGNED NOT NULL,
  `role_id` bigint(20) UNSIGNED NOT NULL
) ENGINE=InnoDB DEFAULT CHARSET=utf8mb4 COLLATE=utf8mb4_unicode_ci;

--
-- Dumping data untuk tabel `role_has_permissions`
--

INSERT INTO `role_has_permissions` (`permission_id`, `role_id`) VALUES
(1, 3),
(2, 3),
(3, 3),
(4, 3),
(4, 29),
(4, 51),
(4, 72),
(5, 2),
(5, 3),
(5, 8),
(5, 14),
(5, 28),
(5, 29),
(5, 30),
(5, 31),
(5, 35),
(5, 36),
(5, 37),
(5, 38),
(5, 43),
(5, 52),
(5, 55),
(5, 56),
(5, 57),
(5, 58),
(5, 59),
(5, 60),
(5, 61),
(5, 62),
(5, 63),
(5, 64),
(5, 65),
(5, 66),
(5, 67),
(5, 68),
(5, 69),
(5, 70),
(5, 71),
(5, 72),
(5, 73),
(5, 74),
(5, 75),
(5, 80),
(5, 82),
(5, 84),
(5, 85),
(5, 86),
(5, 87),
(5, 88),
(5, 89),
(5, 90),
(5, 91),
(5, 92),
(5, 93),
(5, 94),
(5, 95),
(5, 96),
(5, 97),
(5, 98),
(5, 99),
(5, 100),
(5, 101),
(5, 102),
(5, 103),
(5, 106),
(5, 108),
(5, 111),
(6, 2),
(6, 3),
(6, 8),
(6, 14),
(6, 28),
(6, 29),
(6, 30),
(6, 31),
(6, 35),
(6, 36),
(6, 37),
(6, 38),
(6, 43),
(6, 52),
(6, 55),
(6, 56),
(6, 57),
(6, 58),
(6, 59),
(6, 60),
(6, 61),
(6, 62),
(6, 63),
(6, 64),
(6, 65),
(6, 66),
(6, 67),
(6, 68),
(6, 69),
(6, 70),
(6, 71),
(6, 72),
(6, 73),
(6, 74),
(6, 75),
(6, 80),
(6, 82),
(6, 84),
(6, 85),
(6, 86),
(6, 87),
(6, 88),
(6, 89),
(6, 90),
(6, 91),
(6, 92),
(6, 93),
(6, 94),
(6, 95),
(6, 96),
(6, 97),
(6, 98),
(6, 99),
(6, 100),
(6, 101),
(6, 102),
(6, 103),
(6, 106),
(6, 108),
(6, 111),
(7, 2),
(7, 3),
(7, 8),
(7, 14),
(7, 28),
(7, 29),
(7, 30),
(7, 31),
(7, 35),
(7, 36),
(7, 37),
(7, 38),
(7, 43),
(7, 52),
(7, 55),
(7, 56),
(7, 57),
(7, 58),
(7, 59),
(7, 60),
(7, 61),
(7, 62),
(7, 63),
(7, 64),
(7, 65),
(7, 66),
(7, 67),
(7, 68),
(7, 69),
(7, 70),
(7, 71),
(7, 72),
(7, 73),
(7, 74),
(7, 75),
(7, 80),
(7, 84),
(7, 85),
(7, 86),
(7, 87),
(7, 88),
(7, 89),
(7, 90),
(7, 91),
(7, 92),
(7, 93),
(7, 94),
(7, 95),
(7, 96),
(7, 97),
(7, 98),
(7, 99),
(7, 100),
(7, 101),
(7, 102),
(7, 103),
(7, 106),
(7, 108),
(7, 111),
(8, 2),
(8, 3),
(8, 8),
(8, 14),
(8, 20),
(8, 21),
(8, 23),
(8, 24),
(8, 25),
(8, 26),
(8, 28),
(8, 29),
(8, 30),
(8, 31),
(8, 34),
(8, 35),
(8, 36),
(8, 37),
(8, 38),
(8, 39),
(8, 40),
(8, 41),
(8, 42),
(8, 43),
(8, 44),
(8, 46),
(8, 51),
(8, 52),
(8, 55),
(8, 56),
(8, 57),
(8, 58),
(8, 59),
(8, 60),
(8, 61),
(8, 62),
(8, 63),
(8, 64),
(8, 65),
(8, 66),
(8, 67),
(8, 68),
(8, 69),
(8, 70),
(8, 71),
(8, 72),
(8, 73),
(8, 74),
(8, 75),
(8, 80),
(8, 81),
(8, 82),
(8, 84),
(8, 85),
(8, 86),
(8, 87),
(8, 88),
(8, 89),
(8, 90),
(8, 91),
(8, 92),
(8, 93),
(8, 94),
(8, 95),
(8, 96),
(8, 97),
(8, 98),
(8, 99),
(8, 100),
(8, 101),
(8, 102),
(8, 103),
(8, 105),
(8, 106),
(8, 107),
(8, 108),
(8, 109),
(8, 110),
(8, 111),
(9, 3),
(9, 108),
(10, 3),
(10, 14),
(11, 3),
(11, 14),
(12, 2),
(12, 3),
(12, 8),
(12, 14),
(12, 28),
(12, 29),
(12, 30),
(12, 31),
(12, 35),
(12, 36),
(12, 37),
(12, 38),
(12, 40),
(12, 41),
(12, 42),
(12, 43),
(12, 52),
(12, 55),
(12, 56),
(12, 57),
(12, 58),
(12, 59),
(12, 60),
(12, 61),
(12, 62),
(12, 63),
(12, 64),
(12, 65),
(12, 66),
(12, 67),
(12, 68),
(12, 69),
(12, 70),
(12, 71),
(12, 72),
(12, 73),
(12, 74),
(12, 75),
(12, 80),
(12, 82),
(12, 84),
(12, 85),
(12, 86),
(12, 87),
(12, 88),
(12, 89),
(12, 90),
(12, 91),
(12, 92),
(12, 93),
(12, 94),
(12, 95),
(12, 96),
(12, 97),
(12, 98),
(12, 99),
(12, 100),
(12, 101),
(12, 102),
(12, 103),
(12, 106),
(12, 108),
(12, 111),
(13, 2),
(13, 3),
(13, 4),
(13, 5),
(13, 7),
(13, 8),
(13, 9),
(13, 10),
(13, 11),
(13, 12),
(13, 14),
(13, 15),
(13, 16),
(13, 17),
(13, 18),
(13, 19),
(13, 20),
(13, 21),
(13, 23),
(13, 24),
(13, 25),
(13, 26),
(13, 28),
(13, 29),
(13, 30),
(13, 31),
(13, 34),
(13, 35),
(13, 36),
(13, 37),
(13, 38),
(13, 39),
(13, 40),
(13, 41),
(13, 42),
(13, 43),
(13, 44),
(13, 46),
(13, 51),
(13, 52),
(13, 55),
(13, 56),
(13, 57),
(13, 58),
(13, 59),
(13, 60),
(13, 61),
(13, 62),
(13, 63),
(13, 64),
(13, 65),
(13, 66),
(13, 67),
(13, 68),
(13, 69),
(13, 70),
(13, 71),
(13, 72),
(13, 73),
(13, 74),
(13, 75),
(13, 80),
(13, 81),
(13, 82),
(13, 84),
(13, 85),
(13, 86),
(13, 87),
(13, 88),
(13, 89),
(13, 90),
(13, 91),
(13, 92),
(13, 93),
(13, 94),
(13, 95),
(13, 96),
(13, 97),
(13, 98),
(13, 99),
(13, 100),
(13, 101),
(13, 102),
(13, 103),
(13, 105),
(13, 106),
(13, 107),
(13, 108),
(13, 109),
(13, 110),
(13, 111),
(14, 3),
(14, 7),
(15, 3),
(15, 4),
(15, 5),
(15, 7),
(15, 9),
(15, 10),
(15, 11),
(15, 12),
(15, 15),
(15, 16),
(15, 17),
(15, 18),
(15, 19),
(15, 20),
(15, 84),
(16, 2),
(16, 3),
(16, 4),
(16, 5),
(16, 7),
(16, 8),
(16, 9),
(16, 10),
(16, 11),
(16, 12),
(16, 14),
(16, 15),
(16, 16),
(16, 17),
(16, 18),
(16, 19),
(16, 20),
(16, 21),
(16, 23),
(16, 24),
(16, 25),
(16, 26),
(16, 28),
(16, 29),
(16, 30),
(16, 31),
(16, 34),
(16, 35),
(16, 36),
(16, 37),
(16, 38),
(16, 39),
(16, 40),
(16, 41),
(16, 42),
(16, 43),
(16, 44),
(16, 46),
(16, 51),
(16, 52),
(16, 55),
(16, 56),
(16, 57),
(16, 58),
(16, 59),
(16, 60),
(16, 61),
(16, 62),
(16, 63),
(16, 64),
(16, 65),
(16, 66),
(16, 67),
(16, 68),
(16, 69),
(16, 70),
(16, 71),
(16, 72),
(16, 73),
(16, 74),
(16, 75),
(16, 80),
(16, 81),
(16, 82),
(16, 84),
(16, 85),
(16, 86),
(16, 87),
(16, 88),
(16, 89),
(16, 90),
(16, 91),
(16, 92),
(16, 93),
(16, 94),
(16, 95),
(16, 96),
(16, 97),
(16, 98),
(16, 99),
(16, 100),
(16, 101),
(16, 102),
(16, 103),
(16, 105),
(16, 106),
(16, 107),
(16, 108),
(16, 109),
(16, 110),
(16, 111),
(17, 2),
(17, 3),
(17, 4),
(17, 5),
(17, 7),
(17, 8),
(17, 9),
(17, 10),
(17, 11),
(17, 12),
(17, 14),
(17, 15),
(17, 16),
(17, 17),
(17, 18),
(17, 19),
(17, 20),
(17, 21),
(17, 23),
(17, 24),
(17, 25),
(17, 26),
(17, 28),
(17, 29),
(17, 30),
(17, 31),
(17, 34),
(17, 35),
(17, 36),
(17, 37),
(17, 38),
(17, 39),
(17, 40),
(17, 41),
(17, 42),
(17, 43),
(17, 44),
(17, 46),
(17, 51),
(17, 52),
(17, 55),
(17, 56),
(17, 57),
(17, 58),
(17, 59),
(17, 60),
(17, 61),
(17, 62),
(17, 63),
(17, 64),
(17, 65),
(17, 66),
(17, 67),
(17, 68),
(17, 69),
(17, 70),
(17, 71),
(17, 72),
(17, 73),
(17, 74),
(17, 75),
(17, 80),
(17, 81),
(17, 82),
(17, 84),
(17, 85),
(17, 86),
(17, 87),
(17, 88),
(17, 89),
(17, 90),
(17, 91),
(17, 92),
(17, 93),
(17, 94),
(17, 95),
(17, 96),
(17, 97),
(17, 98),
(17, 99),
(17, 100),
(17, 101),
(17, 102),
(17, 103),
(17, 105),
(17, 106),
(17, 107),
(17, 108),
(17, 109),
(17, 110),
(17, 111),
(18, 3),
(18, 29),
(18, 51),
(18, 72),
(19, 3),
(19, 28),
(19, 29),
(19, 30),
(19, 31),
(19, 55),
(19, 56),
(19, 57),
(19, 58),
(19, 59),
(19, 60),
(19, 72),
(19, 75),
(19, 108),
(20, 3),
(20, 28),
(20, 29),
(20, 30),
(20, 31),
(20, 55),
(20, 56),
(20, 57),
(20, 58),
(20, 59),
(20, 60),
(20, 72),
(20, 75),
(20, 108),
(21, 3),
(21, 28),
(21, 29),
(21, 30),
(21, 31),
(21, 55),
(21, 56),
(21, 57),
(21, 58),
(21, 59),
(21, 60),
(21, 72),
(21, 75),
(21, 108),
(22, 3),
(22, 108),
(23, 3),
(23, 60),
(23, 108),
(24, 3),
(24, 25),
(24, 28),
(24, 29),
(24, 72);

-- --------------------------------------------------------

--
-- Struktur dari tabel `struktur_organisasi`
--

CREATE TABLE `struktur_organisasi` (
  `id` bigint(20) UNSIGNED NOT NULL,
  `id_user` int(11) NOT NULL,
  `nama_user` varchar(255) NOT NULL,
  `role` longtext NOT NULL,
  `bawahan` longtext DEFAULT NULL,
  `created_at` timestamp NULL DEFAULT NULL,
  `updated_at` timestamp NULL DEFAULT NULL,
  `deleted_at` timestamp NULL DEFAULT NULL
) ENGINE=InnoDB DEFAULT CHARSET=utf8mb4 COLLATE=utf8mb4_unicode_ci;

--
-- Dumping data untuk tabel `struktur_organisasi`
--

INSERT INTO `struktur_organisasi` (`id`, `id_user`, `nama_user`, `role`, `bawahan`, `created_at`, `updated_at`, `deleted_at`) VALUES
(1, 85, 'Febri Yudi Lestari, SE (febri)', '[\"2\",\"75\"]', '[\"60\",\"61\",\"62\",\"106\"]', '2023-11-14 00:41:00', '2023-11-14 00:42:49', '2023-11-14 00:42:49'),
(2, 85, 'Febri Yudi Lestari, SE (febri)', '[\"2\",\"75\"]', '[\"60\",\"61\",\"109\",\"110\",\"62\",\"106\"]', '2023-11-14 00:42:49', '2023-11-14 00:42:49', NULL),
(3, 293, 'Zia Nuswantara pahlawan, S.H (zia)', '[\"3\",\"60\",\"108\"]', '[\"14\",\"28\",\"29\",\"55\",\"56\",\"57\",\"58\",\"59\",\"71\",\"72\",\"73\",\"93\",\"94\",\"95\",\"6\",\"84\",\"85\",\"86\",\"87\",\"88\",\"89\",\"90\",\"91\",\"92\",\"96\",\"97\",\"98\",\"99\",\"100\",\"101\",\"102\",\"111\",\"63\",\"64\",\"65\",\"66\",\"67\",\"68\",\"69\",\"70\",\"30\",\"31\",\"60\",\"61\",\"62\",\"74\",\"75\",\"106\",\"109\",\"110\"]', '2023-11-14 00:43:29', '2023-11-15 13:55:33', '2023-11-15 13:55:33'),
(4, 91, 'Rahmawati Setyo W, SE (rahma123)', '[\"41\",\"74\"]', '[\"30\",\"31\"]', '2023-11-14 12:44:34', '2023-11-14 12:44:34', NULL),
(5, 246, 'Jehan Mukhari, SE (jehan)', '[\"25\",\"73\"]', '[\"28\",\"58\",\"59\"]', '2023-11-14 12:45:02', '2023-11-14 12:45:02', NULL),
(6, 104, 'Mei Endah Purwaningtyas, S.Kep, Ns (meytyas)', '[\"72\"]', '[\"29\",\"57\"]', '2023-11-14 12:48:12', '2023-11-14 12:48:12', NULL),
(7, 236, 'ANGGER PUSPITASARI (pipit123)', '[\"2\",\"71\"]', '[\"14\",\"55\",\"56\"]', '2023-11-14 12:48:37', '2023-11-14 12:48:37', NULL),
(8, 334, 'dr. Nining Tri Maryani, M.A.R.S (nining)', '[\"50\",\"53\",\"70\"]', '[\"63\",\"64\"]', '2023-11-14 12:52:29', '2023-11-14 14:44:50', '2023-11-14 14:44:50'),
(9, 323, 'dr. Resita Lukitawati (resita)', '[\"53\",\"69\"]', '[\"67\",\"68\"]', '2023-11-14 12:53:15', '2023-11-14 14:44:02', '2023-11-14 14:44:02'),
(10, 291, 'Arifin Nur Setyawan, dr. (arifinnur)', '[\"64\"]', '[\"89\",\"90\",\"91\",\"92\"]', '2023-11-14 12:55:18', '2023-11-14 12:55:18', NULL),
(11, 255, 'dr. Ulin Nuha Jazmin (ulin)', '[\"53\",\"63\",\"83\"]', '[\"84\",\"85\",\"86\",\"87\",\"88\"]', '2023-11-14 12:55:50', '2023-11-14 12:55:50', NULL),
(12, 230, 'dr. Ryandika Aulia Oktorizal (ryandika)', '[\"50\",\"54\",\"79\"]', '[\"6\",\"63\",\"64\",\"65\",\"66\",\"67\",\"68\",\"69\",\"70\"]', '2023-11-14 14:20:09', '2023-11-14 14:23:41', '2023-11-14 14:23:41'),
(13, 257, 'Ervan Hadi, SP.MM (ervanhadi)', '[\"25\",\"28\",\"54\",\"77\"]', '[\"14\",\"28\",\"29\",\"55\",\"56\",\"57\",\"58\",\"59\",\"71\",\"72\",\"73\",\"93\",\"94\",\"95\"]', '2023-11-14 14:21:26', '2023-11-14 14:21:26', NULL),
(14, 230, 'dr. Ryandika Aulia Oktorizal (ryandika)', '[\"50\",\"54\",\"79\"]', '[\"6\",\"84\",\"85\",\"86\",\"87\",\"88\",\"89\",\"90\",\"91\",\"92\",\"96\",\"97\",\"98\",\"99\",\"100\",\"101\",\"102\",\"111\",\"63\",\"64\",\"65\",\"66\",\"67\",\"68\",\"69\",\"70\"]', '2023-11-14 14:23:41', '2023-11-14 14:23:41', NULL),
(15, 4, 'Jamhuri, S.Kep,Ns (jamhuri)', '[\"6\"]', '[\"65\",\"66\",\"96\",\"97\",\"98\",\"99\",\"100\",\"101\",\"102\",\"111\"]', '2023-11-14 14:29:00', '2023-11-14 14:29:00', NULL),
(16, 363, 'Eni Kimiasari, AMK (kimi)', '[\"66\"]', '[\"96\",\"97\",\"98\",\"99\",\"100\",\"101\",\"102\",\"111\"]', '2023-11-14 14:41:37', '2023-11-14 14:42:02', '2023-11-14 14:42:02'),
(17, 363, 'Eni Kimiasari, AMK (kimi)', '[\"65\",\"66\"]', '[\"96\",\"97\",\"98\",\"99\",\"100\",\"101\",\"102\",\"111\"]', '2023-11-14 14:42:02', '2023-11-14 14:42:02', NULL),
(18, 323, 'dr. Resita Lukitawati (resita)', '[\"53\",\"69\"]', '[\"67\",\"96\",\"97\",\"98\",\"99\",\"100\",\"101\",\"102\",\"111\",\"68\"]', '2023-11-14 14:44:02', '2023-11-14 14:44:02', NULL),
(19, 334, 'dr. Nining Tri Maryani, M.A.R.S (nining)', '[\"50\",\"53\",\"70\"]', '[\"63\",\"84\",\"85\",\"86\",\"87\",\"88\",\"89\",\"90\",\"91\",\"92\",\"64\"]', '2023-11-14 14:44:50', '2023-11-14 14:44:50', NULL),
(20, 324, 'Djumari, S.Ag., MSI. (djumari)', '[\"78\"]', '[\"30\",\"31\",\"60\",\"61\",\"62\",\"74\",\"75\",\"106\",\"109\",\"110\"]', '2023-11-14 14:46:46', '2023-11-14 14:46:46', NULL),
(21, 256, 'dr. Indarto M.Si (indarto)', '[\"3\",\"5\",\"6\",\"8\",\"25\",\"54\",\"76\"]', '[\"77\",\"78\",\"79\"]', '2023-11-14 14:47:11', '2023-11-14 14:48:37', '2023-11-14 14:48:37'),
(22, 256, 'dr. Indarto M.Si (indarto)', '[\"3\",\"5\",\"6\",\"8\",\"25\",\"54\",\"76\"]', '[\"14\",\"28\",\"29\",\"55\",\"56\",\"57\",\"58\",\"59\",\"71\",\"72\",\"73\",\"93\",\"94\",\"95\",\"6\",\"84\",\"85\",\"86\",\"87\",\"88\",\"89\",\"90\",\"91\",\"92\",\"96\",\"97\",\"98\",\"99\",\"100\",\"101\",\"102\",\"111\",\"63\",\"64\",\"65\",\"66\",\"67\",\"68\",\"69\",\"70\",\"30\",\"31\",\"60\",\"61\",\"62\",\"74\",\"75\",\"106\",\"109\",\"110\"]', '2023-11-14 14:48:37', '2023-11-14 14:48:37', NULL),
(23, 293, 'Zia Nuswantara pahlawan, S.H (zia)', '[\"60\"]', '[\"14\",\"28\",\"29\",\"55\",\"56\",\"57\",\"58\",\"59\",\"71\",\"72\",\"73\",\"93\",\"94\",\"95\",\"6\",\"84\",\"85\",\"86\",\"87\",\"88\",\"89\",\"90\",\"91\",\"92\",\"96\",\"97\",\"98\",\"99\",\"100\",\"101\",\"102\",\"111\",\"63\",\"64\",\"65\",\"66\",\"67\",\"68\",\"69\",\"70\",\"30\",\"31\",\"61\",\"62\",\"74\",\"75\",\"106\",\"109\",\"110\"]', '2023-11-15 13:55:33', '2023-11-15 13:55:33', NULL),
(24, 251, 'dr. Imama Rasyada (imama)', '[\"53\",\"68\"]', '[\"96\",\"97\",\"100\",\"101\",\"102\",\"111\"]', '2023-11-18 12:55:19', '2023-12-11 11:24:09', '2023-12-11 11:24:09'),
(25, 232, 'Yussuf Faisal, S.Kom (yussuffaisal)', '[\"82\",\"106\"]', '[\"56\"]', '2023-11-20 09:39:48', '2023-11-20 09:43:10', '2023-11-20 09:43:10'),
(26, 251, 'dr. Imama Rasyada (imama)', '[\"53\",\"68\"]', '[\"96\",\"97\",\"100\",\"101\",\"102\",\"111\"]', '2023-12-11 11:24:09', '2023-12-11 11:24:09', NULL);

--
-- Indexes for dumped tables
--

--
-- Indeks untuk tabel `model_has_roles`
--
ALTER TABLE `model_has_roles`
  ADD PRIMARY KEY (`role_id`,`model_id`,`model_type`),
  ADD KEY `model_has_roles_model_id_model_type_index` (`model_id`,`model_type`);

--
-- Indeks untuk tabel `permissions`
--
ALTER TABLE `permissions`
  ADD PRIMARY KEY (`id`),
  ADD UNIQUE KEY `permissions_name_guard_name_unique` (`name`,`guard_name`);

--
-- Indeks untuk tabel `roles`
--
ALTER TABLE `roles`
  ADD PRIMARY KEY (`id`),
  ADD UNIQUE KEY `roles_name_guard_name_unique` (`name`,`guard_name`);

--
-- Indeks untuk tabel `role_has_permissions`
--
ALTER TABLE `role_has_permissions`
  ADD PRIMARY KEY (`permission_id`,`role_id`),
  ADD KEY `role_has_permissions_role_id_foreign` (`role_id`);

--
-- Indeks untuk tabel `struktur_organisasi`
--
ALTER TABLE `struktur_organisasi`
  ADD PRIMARY KEY (`id`);

--
-- AUTO_INCREMENT untuk tabel yang dibuang
--

--
-- AUTO_INCREMENT untuk tabel `permissions`
--
ALTER TABLE `permissions`
  MODIFY `id` bigint(20) UNSIGNED NOT NULL AUTO_INCREMENT, AUTO_INCREMENT=25;

--
-- AUTO_INCREMENT untuk tabel `roles`
--
ALTER TABLE `roles`
  MODIFY `id` bigint(20) UNSIGNED NOT NULL AUTO_INCREMENT, AUTO_INCREMENT=112;

--
-- AUTO_INCREMENT untuk tabel `struktur_organisasi`
--
ALTER TABLE `struktur_organisasi`
  MODIFY `id` bigint(20) UNSIGNED NOT NULL AUTO_INCREMENT, AUTO_INCREMENT=27;

--
-- Ketidakleluasaan untuk tabel pelimpahan (Dumped Tables)
--

--
-- Ketidakleluasaan untuk tabel `model_has_roles`
--
ALTER TABLE `model_has_roles`
  ADD CONSTRAINT `model_has_roles_role_id_foreign` FOREIGN KEY (`role_id`) REFERENCES `roles` (`id`) ON DELETE CASCADE;

--
-- Ketidakleluasaan untuk tabel `role_has_permissions`
--
ALTER TABLE `role_has_permissions`
  ADD CONSTRAINT `role_has_permissions_permission_id_foreign` FOREIGN KEY (`permission_id`) REFERENCES `permissions` (`id`) ON DELETE CASCADE,
  ADD CONSTRAINT `role_has_permissions_role_id_foreign` FOREIGN KEY (`role_id`) REFERENCES `roles` (`id`) ON DELETE CASCADE;
COMMIT;

/*!40101 SET CHARACTER_SET_CLIENT=@OLD_CHARACTER_SET_CLIENT */;
/*!40101 SET CHARACTER_SET_RESULTS=@OLD_CHARACTER_SET_RESULTS */;
/*!40101 SET COLLATION_CONNECTION=@OLD_COLLATION_CONNECTION */;
